names,ethnicities
theodor peifer,german
anton berndorfer,german
Yoshihide Suga,japanese
franziska hafner,german
celien mathiue,french
alexander van rinnsalen,dutch
Muhammad Ali Jinnah,pakistani
liu cixin,chinese
robert downey junior,british
malkz van der haben,dutch
theodor peifer,german
anton berndorfer,german
Yoshihide Suga,japanese
franziska hafner,german
celien mathiue,french
alexander van rinnsalen,dutch
Muhammad Ali Jinnah,pakistani
liu cixin,chinese
robert downey junior,british
malkz van der haben,dutch
theodor peifer,german
anton berndorfer,german
Yoshihide Suga,japanese
franziska hafner,german
celien mathiue,french
alexander van rinnsalen,dutch
Muhammad Ali Jinnah,pakistani
liu cixin,chinese
robert downey junior,british
malkz van der haben,dutch
theodor peifer,german
anton berndorfer,german
Yoshihide Suga,japanese
franziska hafner,german
celien mathiue,french
alexander van rinnsalen,dutch
Muhammad Ali Jinnah,pakistani
liu cixin,chinese
robert downey junior,british
malkz van der haben,dutch
theodor peifer,german
anton berndorfer,german
Yoshihide Suga,japanese
franziska hafner,german
celien mathiue,french
alexander van rinnsalen,dutch
Muhammad Ali Jinnah,pakistani
liu cixin,chinese
robert downey junior,british
malkz van der haben,dutch
